subject	path	path_class	action	match_count	lines
contract_registry	coordination/incoming_requests/forprint_integration_gateway/new/2026-05-28-integration-gateway-v0-2-stabilization-report.md	OTHER_CURRENT_LOOKING	ABSORB_REVIEW	1	381
contract_registry	coordination/internal_work/blueprint/governance/2026-08-24__blueprint__module_concept_coverage_audit_v0_1.yaml	WORKING_INTERNAL	PRESERVE_OR_UPDATE_WORKING	1	230
contract_registry	coordination/internal_work/blueprint/governance/2026-08-24__blueprint__module_concept_source_digest_v0_1.md	WORKING_INTERNAL	PRESERVE_OR_UPDATE_WORKING	3	334,355,369
contract_registry	coordination/internal_work/blueprint/portfolio_strategy_history/2026-08-28__forprint_portfolio__all_modules_microstep_review_v0_3/EVENING_REVIEW_GUIDE.md	PRESERVE_HISTORY	PRESERVE	1	19
contract_registry	coordination/internal_work/blueprint/portfolio_strategy_history/2026-08-28__forprint_portfolio__all_modules_microstep_review_v0_3/FORPRINT_PORTFOLIO_WORKBOOK_v0_3.md	PRESERVE_HISTORY	PRESERVE	8	40,687,962,965,985,998,1042,1207
contract_registry	coordination/internal_work/blueprint/portfolio_strategy_history/2026-08-28__forprint_portfolio__all_modules_microstep_review_v0_3/PORTFOLIO_MAP.md	PRESERVE_HISTORY	PRESERVE	1	34
contract_registry	coordination/internal_work/blueprint/portfolio_strategy_history/2026-08-28__forprint_portfolio__all_modules_microstep_review_v0_3/module_sheets/05__forprint_library__working_sheet_v0_3.md	PRESERVE_HISTORY	PRESERVE	1	27
contract_registry	coordination/internal_work/blueprint/portfolio_strategy_history/2026-08-28__forprint_portfolio__all_modules_microstep_review_v0_3/module_sheets/07__integration_gateway__working_sheet_v0_3.md	PRESERVE_HISTORY	PRESERVE	5	21,24,44,57,101
contract_registry	coordination/internal_work/blueprint/portfolio_strategy_history/2026-08-28__forprint_portfolio__all_modules_microstep_review_v0_3/module_sheets/09__contract_registry__working_sheet_v0_3.md	PRESERVE_HISTORY	PRESERVE	1	2
contract_registry	coordination/module_policy/forprint_contract_registry/contract_registry_architecture_and_activation_brief.md	OTHER_CURRENT_LOOKING	ABSORB_REVIEW	8	1,21,50,73,147,156,189,222
contract_registry	coordination/module_policy/forprint_contract_registry/module_policy.md	OTHER_CURRENT_LOOKING	ABSORB_REVIEW	1	1
contract_registry	coordination/module_policy/forprint_library/module_policy.md	OTHER_CURRENT_LOOKING	ABSORB_REVIEW	1	55
contract_registry	coordination/module_policy/module_policy_index.yaml	STRUCTURED_CONFIG	ABSORB_REVIEW	2	141,205
contract_registry	coordination/module_sources/module_git_sources.yaml	STRUCTURED_CONFIG	ABSORB_REVIEW	1	139
contract_registry	coordination/outgoing_prompts/accounting_registry_service/approved/2026-05-28-accounting-registry-boundary-correction.md	OTHER_CURRENT_LOOKING	ABSORB_REVIEW	1	461
contract_registry	coordination/reports/completion/2026-07-23__blueprint__internal_workflow_foundation_v0_1.md	OTHER_CURRENT_LOOKING	ABSORB_REVIEW	1	53
contract_registry	coordination/reports/completion/2026-07-23__blueprint__repository_knowledge_baseline_v0_2.md	OTHER_CURRENT_LOOKING	ABSORB_REVIEW	1	47
contract_registry	coordination/repository_knowledge/direction/blueprint_coordination/2026-07-23__forprint_system_blueprint__state_direction_rationale_snapshot_v0_1.yaml	PRESERVE_HISTORY	PRESERVE	3	61,397,427
contract_registry	coordination/repository_knowledge/direction/blueprint_coordination/2026-07-29__forprint_system_blueprint__state_direction_rationale_snapshot_v0_2.yaml	PRESERVE_HISTORY	PRESERVE	2	272,302
contract_registry	coordination/repository_knowledge/direction/system_portfolio/2026-07-23__forprint_system__state_direction_rationale_snapshot_v0_1.yaml	PRESERVE_HISTORY	PRESERVE	3	346,347,456
contract_registry	coordination/repository_knowledge/direction/system_portfolio/2026-07-29__forprint_system__state_direction_rationale_snapshot_v0_2.yaml	PRESERVE_HISTORY	PRESERVE	3	205,206,315
contract_registry	coordination/repository_knowledge/flows/2026-07-23__forprint_system_blueprint__repository_execution_dependency_map_v0_2.yaml	STRUCTURED_CONFIG	ABSORB_REVIEW	1	901
contract_registry	coordination/repository_knowledge/inventory/2026-07-23__forprint_system_blueprint__repository_capability_inventory_v0_2.yaml	STRUCTURED_CONFIG	ABSORB_REVIEW	9	90,118,286,513,662,708,1367,1394,1397
contract_registry	coordination/repository_knowledge/inventory/2026-07-29__forprint_system_blueprint__repository_capability_inventory_v0_3.yaml	STRUCTURED_CONFIG	ABSORB_REVIEW	6	681,854,912,2012,2039,2046
contract_registry	coordination/repository_knowledge/inventory/2026-07-30__forprint_system_blueprint__repository_capability_inventory_v0_4.yaml	STRUCTURED_CONFIG	ABSORB_REVIEW	6	681,854,912,2012,2039,2045
contract_registry	coordination/roadmaps/details/forprint_system_blueprint/portfolio_module_inventory_seed_v0_1.yaml	BLUEPRINT_CANONICAL_ROADMAP	ABSORB_REVIEW	1	90
contract_registry	coordination/roadmaps/details/forprint_system_blueprint/portfolio_rebuild_inputs/2026-08-28__cross_module_dependency_seed_v0_1.md	BLUEPRINT_CANONICAL_ROADMAP	ABSORB_REVIEW	1	25
contract_registry	coordination/roadmaps/details/forprint_system_blueprint/portfolio_rebuild_inputs/2026-08-28__forprint_integration_gateway__first_pass_owner_review_v0_2.md	BLUEPRINT_CANONICAL_ROADMAP	ABSORB_REVIEW	2	63,67
contract_registry	coordination/roadmaps/details/forprint_system_blueprint/portfolio_rebuild_inputs/2026-08-28__forprint_library__first_pass_owner_review_v0_2.md	BLUEPRINT_CANONICAL_ROADMAP	ABSORB_REVIEW	1	75
contract_registry	coordination/roadmaps/details/forprint_system_blueprint/portfolio_rebuild_seeds/forprint_contract_registry.yaml	BLUEPRINT_CANONICAL_ROADMAP	ABSORB_REVIEW	11	3,9,14,19,24,29,34,39,44,49,54
contract_registry	human/integration_gateway_v0_2_review.md	OTHER_CURRENT_LOOKING	ABSORB_REVIEW	2	41,55
contract_registry	machine/integration_gateway_v0_2_review.yaml	STRUCTURED_CONFIG	ABSORB_REVIEW	1	65
contract_registry	machine/library_alignment_review.yaml	STRUCTURED_CONFIG	ABSORB_REVIEW	1	26
operational_registry	adr/0004-create-integration-gateway-layer.md	OTHER_CURRENT_LOOKING	REVIEW_BEFORE_RENAME	1	9
operational_registry	adr/0009-system-detail-map.md	OTHER_CURRENT_LOOKING	REVIEW_BEFORE_RENAME	1	15
operational_registry	adr/0013-strategic-agreements-and-execution-queue.md	OTHER_CURRENT_LOOKING	REVIEW_BEFORE_RENAME	6	31,33,55,186,221,240
operational_registry	coordination/directives/modules/calculator_engine/active/2026-06-03__calculator_engine__directive__final-coordination-checkpoint-and-pause-v1.md	OTHER_CURRENT_LOOKING	REVIEW_BEFORE_RENAME	1	139
operational_registry	coordination/global_policy/current_execution_focus.md	OTHER_CURRENT_LOOKING	REVIEW_BEFORE_RENAME	1	46
operational_registry	coordination/global_policy/ecosystem_module_map.md	OTHER_CURRENT_LOOKING	REVIEW_BEFORE_RENAME	2	24,49
operational_registry	coordination/global_policy/forprint_project_doctrine.md	OTHER_CURRENT_LOOKING	REVIEW_BEFORE_RENAME	5	17,59,134,138,199
operational_registry	coordination/global_policy/forprint_strategic_control_plane_policy.md	OTHER_CURRENT_LOOKING	REVIEW_BEFORE_RENAME	1	41
operational_registry	coordination/incoming_requests/forprint_crm/new/2026-05-23-forprint-crm-alignment-report.md	OTHER_CURRENT_LOOKING	REVIEW_BEFORE_RENAME	6	45,231,267,269,276,299
operational_registry	coordination/incoming_requests/forprint_operational_registry/new/2026-06-19__operational_registry__make_first_workflow_alignment_report.md	OTHER_CURRENT_LOOKING	REVIEW_BEFORE_RENAME	6	1,17,19,29,72,108
operational_registry	coordination/internal_work/blueprint/governance/2026-08-24__blueprint__module_concept_coverage_audit_v0_1.md	WORKING_INTERNAL	REVIEW_BEFORE_RENAME	1	204
operational_registry	coordination/internal_work/blueprint/governance/2026-08-24__blueprint__module_concept_coverage_audit_v0_1.yaml	WORKING_INTERNAL	REVIEW_BEFORE_RENAME	2	440,472
operational_registry	coordination/internal_work/blueprint/governance/2026-08-24__blueprint__module_concept_source_digest_v0_1.md	WORKING_INTERNAL	REVIEW_BEFORE_RENAME	17	72,311,692,792,893,915,923,925,933,946,949,953,954,956,1724,1771,1901
operational_registry	coordination/internal_work/blueprint/portfolio_strategy_history/2026-08-28__forprint_portfolio__all_modules_microstep_review_v0_3/EVENING_REVIEW_GUIDE.md	PRESERVE_HISTORY	PRESERVE	1	18
operational_registry	coordination/internal_work/blueprint/portfolio_strategy_history/2026-08-28__forprint_portfolio__all_modules_microstep_review_v0_3/FORPRINT_PORTFOLIO_WORKBOOK_v0_3.md	PRESERVE_HISTORY	PRESERVE	8	35,537,581,585,2667,2687,2697,2787
operational_registry	coordination/internal_work/blueprint/portfolio_strategy_history/2026-08-28__forprint_portfolio__all_modules_microstep_review_v0_3/PORTFOLIO_MAP.md	PRESERVE_HISTORY	PRESERVE	1	29
operational_registry	coordination/internal_work/blueprint/portfolio_strategy_history/2026-08-28__forprint_portfolio__all_modules_microstep_review_v0_3/module_sheets/04__operational_registry__working_sheet_v0_3.md	PRESERVE_HISTORY	PRESERVE	3	2,46,50
operational_registry	coordination/internal_work/blueprint/portfolio_strategy_history/2026-08-28__forprint_portfolio__all_modules_microstep_review_v0_3/module_sheets/20__production_runtime_inspector__working_sheet_v0_3.md	PRESERVE_HISTORY	PRESERVE	3	19,39,49
operational_registry	coordination/internal_work/blueprint/portfolio_strategy_history/2026-08-28__forprint_portfolio__all_modules_microstep_review_v0_3/module_sheets/21__warehouse_service__working_sheet_v0_3.md	PRESERVE_HISTORY	PRESERVE	1	24
operational_registry	coordination/module_policy/calculator_engine/development_focus.md	OTHER_CURRENT_LOOKING	REVIEW_BEFORE_RENAME	3	44,64,82
operational_registry	coordination/module_policy/calculator_engine/role_boundaries.md	OTHER_CURRENT_LOOKING	REVIEW_BEFORE_RENAME	4	41,67,69,77
operational_registry	coordination/module_policy/forprint_integration_gateway/module_policy.md	OTHER_CURRENT_LOOKING	REVIEW_BEFORE_RENAME	1	52
operational_registry	coordination/module_policy/forprint_operational_registry/module_policy.md	OTHER_CURRENT_LOOKING	REVIEW_BEFORE_RENAME	1	1
operational_registry	coordination/module_policy/module_policy_index.yaml	STRUCTURED_CONFIG	RENAME_CANDIDATE	4	80,202,274,443
operational_registry	coordination/module_policy/telegram_bot/module_policy.md	OTHER_CURRENT_LOOKING	REVIEW_BEFORE_RENAME	1	52
operational_registry	coordination/module_policy/website/module_policy.md	OTHER_CURRENT_LOOKING	REVIEW_BEFORE_RENAME	1	28
operational_registry	coordination/module_sources/module_git_sources.yaml	STRUCTURED_CONFIG	RENAME_CANDIDATE	1	63
operational_registry	coordination/outgoing_prompts/accounting_registry_service/approved/2026-05-28-accounting-registry-boundary-correction.md	OTHER_CURRENT_LOOKING	REVIEW_BEFORE_RENAME	11	21,49,80,108,116,397,469,499,559,584,608
operational_registry	coordination/outgoing_prompts/accounting_registry_service/drafts/2026-05-22-align-accounting-registry-with-blueprint.md	OTHER_CURRENT_LOOKING	REVIEW_BEFORE_RENAME	5	11,70,88,92,102
operational_registry	coordination/outgoing_prompts/calculator_engine/approved/2026-05-22-align-calculator-engine-with-blueprint.md	OTHER_CURRENT_LOOKING	REVIEW_BEFORE_RENAME	1	42
operational_registry	coordination/outgoing_prompts/calculator_engine/drafts/2026-05-22-align-calculator-engine-with-blueprint.md	OTHER_CURRENT_LOOKING	REVIEW_BEFORE_RENAME	1	42
operational_registry	coordination/outgoing_prompts/forprint_crm/approved/2026-05-22-align-crm-with-blueprint.md	OTHER_CURRENT_LOOKING	REVIEW_BEFORE_RENAME	2	58,73
operational_registry	coordination/outgoing_prompts/forprint_crm/drafts/2026-05-22-align-crm-with-blueprint.md	OTHER_CURRENT_LOOKING	REVIEW_BEFORE_RENAME	2	58,73
operational_registry	coordination/outgoing_prompts/forprint_integration_gateway/approved/2026-05-23-bootstrap-integration-gateway-from-blueprint.md	OTHER_CURRENT_LOOKING	REVIEW_BEFORE_RENAME	1	34
operational_registry	coordination/outgoing_prompts/forprint_integration_gateway/drafts/2026-06-10__gateway__channel_intake_operational_handoff_contracts_v0_3.md	OTHER_CURRENT_LOOKING	REVIEW_BEFORE_RENAME	4	34,64,123,219
operational_registry	coordination/outgoing_prompts/forprint_integration_gateway/drafts/2026-06-11__gateway__adapter_contracts_error_taxonomy_v0_4.md	OTHER_CURRENT_LOOKING	REVIEW_BEFORE_RENAME	4	23,27,164,281
operational_registry	coordination/outgoing_prompts/forprint_integration_gateway/drafts/2026-06-11__gateway__v0_3_1_coordination_records_fix.md	OTHER_CURRENT_LOOKING	REVIEW_BEFORE_RENAME	2	30,206
operational_registry	coordination/outgoing_prompts/forprint_integration_gateway/drafts/2026-06-12__gateway__contract_compatibility_replay_dry_run_v0_5.md	OTHER_CURRENT_LOOKING	REVIEW_BEFORE_RENAME	3	159,161,307
operational_registry	coordination/outgoing_prompts/forprint_integration_gateway/drafts/2026-06-12__gateway__contract_release_consumer_acceptance_v0_6.md	OTHER_CURRENT_LOOKING	REVIEW_BEFORE_RENAME	4	145,213,214,414
operational_registry	coordination/outgoing_prompts/forprint_integration_gateway/drafts/2026-06-15__gateway__standards_visibility_advisory_alignment_v0_7.md	OTHER_CURRENT_LOOKING	REVIEW_BEFORE_RENAME	1	259
operational_registry	coordination/outgoing_prompts/forprint_library/approved/2026-05-22-align-library-with-blueprint.md	OTHER_CURRENT_LOOKING	REVIEW_BEFORE_RENAME	1	59
operational_registry	coordination/outgoing_prompts/forprint_library/approved/2026-06-23__library__make_first_semantic_reference_readiness_v0_1.md	OTHER_CURRENT_LOOKING	REVIEW_BEFORE_RENAME	3	21,140,176
operational_registry	coordination/outgoing_prompts/forprint_library/approved/2026-06-29__library__reference_contract_foundation_v0_2.md	OTHER_CURRENT_LOOKING	REVIEW_BEFORE_RENAME	1	190
operational_registry	coordination/outgoing_prompts/forprint_library/approved/2026-07-08__library__reference_consumption_pilot_v0_3.md	OTHER_CURRENT_LOOKING	REVIEW_BEFORE_RENAME	4	15,73,89,150
operational_registry	coordination/outgoing_prompts/forprint_library/approved/2026-07-11__library__configurable_product_workbench_business_card_skeleton_v0_1.md	OTHER_CURRENT_LOOKING	REVIEW_BEFORE_RENAME	3	175,199,312
operational_registry	coordination/outgoing_prompts/forprint_library/drafts/2026-05-22-align-library-with-blueprint.md	OTHER_CURRENT_LOOKING	REVIEW_BEFORE_RENAME	1	59
operational_registry	coordination/outgoing_prompts/forprint_library/drafts/2026-07-03__library__configurable_product_workbench_v0_1.md	OTHER_CURRENT_LOOKING	REVIEW_BEFORE_RENAME	1	28
operational_registry	coordination/outgoing_prompts/forprint_operational_registry/approved/2026-06-19__operational_registry__local_operator_command_query_readiness_v0_1.md	OTHER_CURRENT_LOOKING	REVIEW_BEFORE_RENAME	6	1,17,21,37,144,163
operational_registry	coordination/outgoing_prompts/forprint_operational_registry/drafts/2026-05-22-align-operational-registry-with-blueprint.md	OTHER_CURRENT_LOOKING	REVIEW_BEFORE_RENAME	21	1,9,11,15,21,23,35,37,46,48,62,64,67,71,72,73,74,79,84,95,105
operational_registry	coordination/outgoing_prompts/forprint_prepress_hub/drafts/2026-05-22-align-prepress-hub-with-blueprint.md	OTHER_CURRENT_LOOKING	REVIEW_BEFORE_RENAME	2	36,90
operational_registry	coordination/outgoing_prompts/forprint_system_blueprint/approved/2026-07-07__blueprint__website_roadmap_legacy_control_refinement_v0_2_1.md	OTHER_CURRENT_LOOKING	REVIEW_BEFORE_RENAME	2	401,410
operational_registry	coordination/outgoing_prompts/telegram_bot/approved/2026-07-07__telegram_bot__analysis_draft_handoff_preview_v0_1.md	OTHER_CURRENT_LOOKING	REVIEW_BEFORE_RENAME	1	194
operational_registry	coordination/outgoing_prompts/telegram_bot/approved/2026-07-08__telegram_bot__sqlite_conversation_state_v0_1.md	OTHER_CURRENT_LOOKING	REVIEW_BEFORE_RENAME	1	227
operational_registry	coordination/outgoing_prompts/telegram_bot/approved/2026-07-09__telegram_bot__dialogue_audit_events_v0_1.md	OTHER_CURRENT_LOOKING	REVIEW_BEFORE_RENAME	2	118,312
operational_registry	coordination/outgoing_prompts/telegram_bot/approved/2026-07-17__telegram_bot__governance_baseline_adoption_v0_1.md	OTHER_CURRENT_LOOKING	REVIEW_BEFORE_RENAME	1	362
operational_registry	coordination/outgoing_prompts/telegram_bot/archived/drafts/2026-05-22-align-telegram-bot-with-blueprint.md	OTHER_CURRENT_LOOKING	REVIEW_BEFORE_RENAME	1	71
operational_registry	coordination/outgoing_prompts/website/approved/2026-07-07__website__php_base_launch_readiness_v0_1.md	OTHER_CURRENT_LOOKING	REVIEW_BEFORE_RENAME	1	48
operational_registry	coordination/repository_knowledge/direction/system_portfolio/2026-07-23__forprint_system__state_direction_rationale_snapshot_v0_1.yaml	PRESERVE_HISTORY	PRESERVE	1	50
operational_registry	coordination/repository_knowledge/direction/system_portfolio/2026-07-29__forprint_system__state_direction_rationale_snapshot_v0_2.yaml	PRESERVE_HISTORY	PRESERVE	1	55
operational_registry	coordination/roadmaps/details/forprint_system_blueprint/portfolio_rebuild_inputs/2026-08-28__cross_module_dependency_seed_v0_1.md	BLUEPRINT_CANONICAL_ROADMAP	RENAME_CANDIDATE	1	23
operational_registry	coordination/roadmaps/details/forprint_system_blueprint/portfolio_rebuild_seeds/forprint_operational_registry.yaml	BLUEPRINT_CANONICAL_ROADMAP	RENAME_CANDIDATE	10	9,14,19,24,29,34,39,44,49,54
operational_registry	coordination/roadmaps/telegram_bot.yaml	STRUCTURED_CONFIG	RENAME_CANDIDATE	2	46,201
operational_registry	coordination/roadmaps/website.yaml	STRUCTURED_CONFIG	RENAME_CANDIDATE	2	504,518
operational_registry	coordination/standards/current_status_extension_policy.md	CURRENT_STANDARD	RENAME_CANDIDATE	1	206
operational_registry	coordination/standards/governance/module_prompt_execution_and_reporting_protocol.md	CURRENT_STANDARD	RENAME_CANDIDATE	1	14
operational_registry	coordination/standards/modular_topology_and_resilience/architecture_topology_policy.md	CURRENT_STANDARD	RENAME_CANDIDATE	1	32
operational_registry	coordination/standards/modular_topology_and_resilience/data_ownership_and_storage_policy.md	CURRENT_STANDARD	RENAME_CANDIDATE	3	36,97,141
operational_registry	coordination/standards/modular_topology_and_resilience/gateway_responsibility_policy.md	CURRENT_STANDARD	RENAME_CANDIDATE	1	89
operational_registry	coordination/standards/modular_topology_and_resilience/module_global_context_policy.md	CURRENT_STANDARD	RENAME_CANDIDATE	3	65,71,96
operational_registry	coordination/standards/modular_topology_and_resilience/module_interaction_reliability_policy.md	CURRENT_STANDARD	RENAME_CANDIDATE	2	111,163
operational_registry	coordination/standards/module_assistant_start_protocol.md	CURRENT_STANDARD	RENAME_CANDIDATE	1	42
operational_registry	coordination/standards/testing_and_check_report_standard.md	CURRENT_STANDARD	RENAME_CANDIDATE	1	278
operational_registry	diagrams/README.md	OTHER_CURRENT_LOOKING	REVIEW_BEFORE_RENAME	1	18
operational_registry	human/calculator_alignment_review.md	OTHER_CURRENT_LOOKING	REVIEW_BEFORE_RENAME	1	96
operational_registry	human/crm_alignment_review.md	OTHER_CURRENT_LOOKING	REVIEW_BEFORE_RENAME	3	66,143,159
operational_registry	human/first_calculator_alignment_dispatch.md	OTHER_CURRENT_LOOKING	REVIEW_BEFORE_RENAME	1	20
operational_registry	human/first_crm_alignment_dispatch.md	OTHER_CURRENT_LOOKING	REVIEW_BEFORE_RENAME	2	19,41
operational_registry	human/forprint_execution_queue.md	OTHER_CURRENT_LOOKING	REVIEW_BEFORE_RENAME	3	23,25,125
operational_registry	human/integration_gateway_strategy.md	OTHER_CURRENT_LOOKING	REVIEW_BEFORE_RENAME	2	42,54
operational_registry	human/integration_gateway_v0_2_review.md	OTHER_CURRENT_LOOKING	REVIEW_BEFORE_RENAME	3	54,65,85
operational_registry	human/library_alignment_review.md	OTHER_CURRENT_LOOKING	REVIEW_BEFORE_RENAME	2	139,146
operational_registry	human/module_alignment_audit.md	OTHER_CURRENT_LOOKING	REVIEW_BEFORE_RENAME	3	35,67,76
operational_registry	human/module_alignment_execution_plan.md	OTHER_CURRENT_LOOKING	REVIEW_BEFORE_RENAME	4	56,69,99,123
operational_registry	human/module_boundaries.md	OTHER_CURRENT_LOOKING	REVIEW_BEFORE_RENAME	1	23
operational_registry	human/system_control_model.md	OTHER_CURRENT_LOOKING	REVIEW_BEFORE_RENAME	3	27,127,129
operational_registry	human/system_detail_map.md	OTHER_CURRENT_LOOKING	REVIEW_BEFORE_RENAME	1	133
operational_registry	machine/calculator_alignment_review.yaml	STRUCTURED_CONFIG	RENAME_CANDIDATE	1	124
operational_registry	machine/contracts.yaml	STRUCTURED_CONFIG	RENAME_CANDIDATE	6	78,86,88,98,118,289
operational_registry	machine/crm_alignment_review.yaml	STRUCTURED_CONFIG	RENAME_CANDIDATE	4	168,186,190,204
operational_registry	machine/forprint_execution_queue.yaml	STRUCTURED_CONFIG	RENAME_CANDIDATE	3	10,14,100
operational_registry	machine/future_channel_readiness.yaml	STRUCTURED_CONFIG	RENAME_CANDIDATE	2	10,34
operational_registry	machine/integration_gateway_v0_2_review.yaml	STRUCTURED_CONFIG	RENAME_CANDIDATE	2	65,83
operational_registry	machine/library_alignment_review.yaml	STRUCTURED_CONFIG	RENAME_CANDIDATE	1	225
operational_registry	machine/module_alignment_execution_plan.yaml	STRUCTURED_CONFIG	RENAME_CANDIDATE	5	17,36,57,60,87
operational_registry	machine/module_alignment_matrix.yaml	STRUCTURED_CONFIG	RENAME_CANDIDATE	1	100
operational_registry	machine/modules.yaml	STRUCTURED_CONFIG	RENAME_CANDIDATE	1	128
operational_registry	machine/project_directories.yaml	STRUCTURED_CONFIG	RENAME_CANDIDATE	1	27
operational_registry	machine/prompt_dispatch_index.yaml	STRUCTURED_CONFIG	RENAME_CANDIDATE	5	66,79,120,125,129
operational_registry	module_guides/forprint_operational_registry.md	OTHER_CURRENT_LOOKING	REVIEW_BEFORE_RENAME	1	1
operational_registry	reports/module_coordination/forprint_library_coordination_snapshot.json	PRESERVE_HISTORY	PRESERVE	2	97,179
operational_registry	reports/module_coordination/forprint_library_coordination_snapshot.md	PRESERVE_HISTORY	PRESERVE	1	35
operational_registry	reports/module_coordination/forprint_operational_registry_coordination_snapshot.json	PRESERVE_HISTORY	PRESERVE	2	3,25
operational_registry	reports/module_coordination/forprint_operational_registry_coordination_snapshot.md	PRESERVE_HISTORY	PRESERVE	1	4
operational_registry	reports/module_governance_audit.json	GENERATED_REPORT	REVIEW_BEFORE_RENAME	1	129
operational_registry	tests/test_global_policy_standards_checkup.py	TEST	RENAME_CANDIDATE	1	52
